DisNo.,Historic,Disaster Group,Disaster Subgroup,Disaster Type,ISO,Country,Subregion,Region,Location,Origin,Associated Types,OFDA/BHA Response,Appeal,Declaration,River Basin,Start Year,Start Month,Start Day,End Year,End Month,End Day,Total Deaths,No. Injured,No. Affected,No. Homeless,Total Affected
2000-0079-NAM,No,Natural,Hydrological,Flood,NAM,Namibia,Sub-Saharan Africa,Africa,"Mariental Rural, Mariental Urban districts (Hardap province)",,,No,No,No,,2000,2,0.0,2000,2,0.0,0,0,5000,0,5000
2000-0118-MWI,No,Natural,Hydrological,Flood,MWI,Malawi,Sub-Saharan Africa,Africa,"Chikwawa, Nsanje districts (Southern Region province), Karonga district (Northern Region province), Nkhotakota district (Central Region province)",,,No,No,No,,2000,3,0.0,2000,3,0.0,0,0,20000,0,20000
2000-0152-AGO,No,Natural,Hydrological,Flood,AGO,Angola,Sub-Saharan Africa,Africa,"Caxito village (Dande district, Bengo province)",,,No,No,No,,2000,3,27.0,2000,3,27.0,3,0,0,6000,6000
2000-0193-AGO,No,Natural,Hydrological,Flood,AGO,Angola,Sub-Saharan Africa,Africa,Porto Amboim district (Cuanza Sul province),,,No,No,No,,2000,4,10.0,2000,4,10.0,1,0,0,3000,3000
2000-0260-AGO,No,Natural,Hydrological,Flood,AGO,Angola,Sub-Saharan Africa,Africa,Ganda district (Benguela province),,,No,No,No,,2000,5,3.0,2000,5,3.0,11,11,0,0,11
2000-0364-NGA,No,Natural,Hydrological,Flood,NGA,Nigeria,Sub-Saharan Africa,Africa,"Sokoto North, Sokoto South districts (Sokoto province)",,,No,No,No,,2000,6,0.0,2000,6,0.0,0,0,0,250,250
2000-0399-ETH,No,Natural,Hydrological,Flood,ETH,Ethiopia,Sub-Saharan Africa,Africa,"Nazareth city (East Shewa district, Oromia province), Region 14 district (Addis Ababa province)",,,No,No,No,,2000,6,29.0,2000,6,29.0,60,0,0,0,0
2000-0490-SOM,No,Natural,Hydrological,Flood,SOM,Somalia,Sub-Saharan Africa,Africa,"Mogadishu city (Banadir district, Banadir province)",,,No,No,No,,2000,7,10.0,2000,7,10.0,0,0,0,220000,220000
2000-0501-NER,No,Natural,Hydrological,Flood,NER,Niger,Sub-Saharan Africa,Africa,"Dosso, Maradi provinces",,,No,No,No,,2000,7,0.0,2000,7,0.0,2,3,4156,0,4159
2000-0511-NGA,No,Natural,Hydrological,Flood,NGA,Nigeria,Sub-Saharan Africa,Africa,Cross River province,,,No,No,No,,2000,8,14.0,2000,8,14.0,4,0,0,1000,1000
2000-0530-MLI,No,Natural,Hydrological,Flood,MLI,Mali,Sub-Saharan Africa,Africa,Abeibara district (Kidal province),,,No,No,No,,2000,8,25.0,2000,8,25.0,15,0,0,0,0
2000-0547-NGA,No,Natural,Hydrological,Flood,NGA,Nigeria,Sub-Saharan Africa,Africa,Zamfara province,,,No,No,No,,2000,8,15.0,2000,8,15.0,0,0,0,750,750
2000-0596-NGA,No,Natural,Hydrological,Flood,NGA,Nigeria,Sub-Saharan Africa,Africa,Gusau district (Zamfara province),,,No,No,No,,2000,9,0.0,2000,9,0.0,0,0,0,2000,2000
2000-0628-NGA,No,Natural,Hydrological,Flood,NGA,Nigeria,Sub-Saharan Africa,Africa,Kebbi province,,,No,No,No,,2000,9,23.0,2000,9,23.0,0,0,0,1000,1000
2000-0835-BDI,No,Natural,Hydrological,Flood,BDI,Burundi,Sub-Saharan Africa,Africa,"Bujumbura Rural, Bujumbura Mairie provinces",,,No,No,No,,2000,12,27.0,2000,12,27.0,0,0,0,500,500
2000-0841-MAR,No,Natural,Hydrological,Flood,MAR,Morocco,Northern Africa,Africa,"Tétouan, Tangiers, Chefchaouen, Larache districts (Tanger - Tétouan province), Settat, Khouribga districts (Chaouia - Ouardigha province), Kasba Tadla area (Béni Mellal district, Tadla - Azilal province)",,,No,No,No,,2000,12,22.0,2000,12,22.0,6,0,650,0,650
2001-0082-ZWE,No,Natural,Hydrological,Flood,ZWE,Zimbabwe,Sub-Saharan Africa,Africa,"Centenary, Guruve districts (Mashonaland Central province), Tsholotsho district (Matabeleland province)",,,No,No,No,,2001,2,0.0,2001,2,0.0,13,0,30000,0,30000
2001-0091-ZMB,No,Natural,Hydrological,Flood,ZMB,Zambia,Sub-Saharan Africa,Africa,"Eastern, Northern, North-Western, Cooperbelt, Central, Lusaka provinces",,,No,No,No,,2001,2,0.0,2001,2,0.0,5,0,617900,0,617900
2001-0276-NGA,No,Natural,Hydrological,Flood,NGA,Nigeria,Sub-Saharan Africa,Africa,"oke-Ogun, Idimissa/olle-Oje, Ogbonmo, Oke-Idogbon, Ijebu-Owo, Post-Office, Oke-Ajama, Ilore, Iyere, Ishokun Oke, Ishokun Odo areas (Owo district, Ondo province)",,,No,No,No,,2001,5,0.0,2001,5,0.0,0,0,0,2000,2000
2001-0277-UGA,No,Natural,Hydrological,Flood,UGA,Uganda,Sub-Saharan Africa,Africa,Kasese province,,,No,No,No,,2001,5,0.0,2001,5,0.0,1,0,0,300,300
2001-0464-ETH,No,Natural,Hydrological,Flood,ETH,Ethiopia,Sub-Saharan Africa,Africa,Gambela province,,,No,No,No,,2001,7,0.0,2001,7,0.0,0,0,6000,0,6000
2001-0481-ZAF,No,Natural,Hydrological,Flood,ZAF,South Africa,Sub-Saharan Africa,Africa,City of Cape Town district (Western Cape province),,,Yes,No,No,,2001,7,3.0,2001,7,3.0,0,0,42356,0,42356
2001-0489-GMB,No,Natural,Hydrological,Flood,GMB,Gambia,Sub-Saharan Africa,Africa,"Kachikally, Farokono areas (Bakau city, Kombo Saint Mary district, Kanifing Municipal Council province)",,,No,No,No,,2001,7,5.0,2001,7,5.0,1,0,250,0,250
2001-0632-SPI,No,Natural,Hydrological,Flood,SPI,Canary Islands,Northern Africa,Africa,"La Palma Island (Santa Cruz de Tenerife, Canarias), Grand Canary Island (Las Palmas, Canarias)",,,No,No,No,,2001,11,20.0,2001,11,20.0,7,0,300,0,300
2001-0682-UGA,No,Natural,Hydrological,Flood,UGA,Uganda,Sub-Saharan Africa,Africa,Kabale province,,,No,No,No,,2001,12,0.0,2001,12,0.0,0,0,500,0,500
2001-0710-MWI,No,Natural,Hydrological,Flood,MWI,Malawi,Sub-Saharan Africa,Africa,Chikwawa district (Southern Region province),,,No,No,No,,2001,12,30.0,2001,12,30.0,0,0,8750,0,8750
2001-0767-MOZ,No,Natural,Hydrological,Flood,MOZ,Mozambique,Sub-Saharan Africa,Africa,"Cabo Delgado, Gaza, Inhambane, Manica, Maputo, Nampula, Niassa, Sofala, Tete, Zambezia provinces",,,No,No,No,,2001,7,0.0,2001,7,0.0,0,0,200000,0,200000
2001-0769-ETH,No,Natural,Hydrological,Flood,ETH,Ethiopia,Sub-Saharan Africa,Africa,"Himora town (Western district, Tigray province)",,,No,No,No,,2001,8,0.0,2001,8,0.0,0,0,2500,0,2500
2002-0056-MRT,No,Natural,Hydrological,Flood,MRT,Mauritania,Sub-Saharan Africa,Africa,"R'kiz, Mederdra, Rosso districts (Trarza province), Aleg, Boghe, Bababe, M'Bagne districts (Brakna province), Monguel, Kaedi districts (Gorgol province)",,,Yes,No,No,,2002,1,9.0,2002,1,9.0,25,0,27500,0,27500
2002-0194-UGA,No,Natural,Hydrological,Flood,UGA,Uganda,Sub-Saharan Africa,Africa,"Kangulumira village (Ntenjeru district, Kayunga province)",,,No,No,No,,2002,3,30.0,2002,3,30.0,0,0,0,100,100
2002-0238-NGA,No,Natural,Hydrological,Flood,NGA,Nigeria,Sub-Saharan Africa,Africa,"Bariga, Bode Joseh areas (Shomolu district, Lagos province), Lagos Mainland district (Lagos province)",,,No,No,No,,2002,4,0.0,2002,4,0.0,0,0,0,200,200
2002-0515-SDN,No,Natural,Hydrological,Flood,SDN,Sudan,Northern Africa,Africa,"En Nuhud, Ghebeish districts (Northern Kordofan), Abyei, As Salam, Lagawa districts (Souythern Kordofan), White Nile, Al Jazeera, Khartoum provinces",,,No,No,No,,2002,8,3.0,2002,8,3.0,0,0,100000,0,100000
2002-0789-EGY,No,Natural,Hydrological,Flood,EGY,Egypt,Northern Africa,Africa,"Ayat district (Giza province), Cairo province",,,No,No,No,,2002,12,20.0,2002,12,20.0,14,70,0,0,70
2002-0808-MWI,No,Natural,Hydrological,Flood,MWI,Malawi,Sub-Saharan Africa,Africa,"Balaka, Machinga, Phalombe districts (Southern Region province), Salima, Ntcheu, Dowa, Dedza districts (Central Region province), Rumphi district (Northern Region province)",,,No,No,No,,2002,12,28.0,2002,12,28.0,8,0,246340,0,246340
2002-0842-BDI,No,Natural,Hydrological,Flood,BDI,Burundi,Sub-Saharan Africa,Africa,"Buringa area (Gihanga district, Bubanza province)",,,No,No,No,,2002,3,0.0,2002,3,0.0,0,0,2000,0,2000
2004-0540-UGA,No,Natural,Hydrological,Flood,UGA,Uganda,Sub-Saharan Africa,Africa,Gulu province,Rainstorm,,No,No,No,,2004,10,0.0,2004,10,0.0,0,0,0,20000,20000
2004-0567-DZA,No,Natural,Hydrological,Flood,DZA,Algeria,Northern Africa,Africa,Alger province,,,No,No,No,,2004,11,13.0,2004,11,14.0,19,20,0,0,20
2005-0324-DZA,No,Natural,Hydrological,Flood,DZA,Algeria,Northern Africa,Africa,Djanet district (Illizi province),Thunderstorms,,No,No,No,,2005,6,18.0,2005,6,20.0,1,0,0,1750,1750
2005-0552-MLI,No,Natural,Hydrological,Flood,MLI,Mali,Sub-Saharan Africa,Africa,Kayes district (Kayes province),,,No,No,No,,2005,9,21.0,2005,9,27.0,0,0,0,1735,1735
2006-0318-BDI,No,Natural,Hydrological,Flood,BDI,Burundi,Sub-Saharan Africa,Africa,Muramvya province,,,No,No,No,,2006,6,0.0,2006,6,0.0,11,0,0,1000,1000
2006-0351-TGO,No,Natural,Hydrological,Flood,TGO,Togo,Sub-Saharan Africa,Africa,"Agoè Zongo, Silidji boroughs (Lomé city, Golfe district, Maritime province)",,,No,No,No,,2006,6,20.0,2006,6,28.0,0,0,2000,0,2000
2007-0116-DZA,No,Natural,Hydrological,Flood,DZA,Algeria,Northern Africa,Africa,"Relizane, Saida, Oran, Annaba provinces",,Rain,No,No,No,,2007,3,21.0,2007,3,23.0,15,0,0,0,0
2007-0400-CMR,No,Natural,Hydrological,Flood,CMR,Cameroon,Sub-Saharan Africa,Africa,"Mokolo area (Mayo-Tsanaga district, Extrême - Nord province), Kolofata area (Mayo-Sava district, Extrême - Nord province)",Heavy rains,,No,No,No,,2007,8,2.0,2007,8,17.0,8,17,0,10279,10296
2007-0539-BDI,No,Natural,Hydrological,Flood,BDI,Burundi,Sub-Saharan Africa,Africa,"Bujumbura Mairie, Bujumbura Rural, Cibitoke, Bururi provinces",,Flood,No,No,No,,2007,10,15.0,2007,10,31.0,1,6,2695,0,2701
2007-0541-NGA,No,Natural,Hydrological,Flood,NGA,Nigeria,Sub-Saharan Africa,Africa,Ogun province,,,No,No,No,,2007,10,0.0,2007,10,0.0,17,0,0,0,0
2007-0595-NGA,No,Natural,Hydrological,Flood,NGA,Nigeria,Sub-Saharan Africa,Africa,"Ikorodu, Kosofe districts (Lagos province), Abeokuta North, Abeokuta South districts (Ogun province)",Heavy rain,,No,No,No,Ogun river,2007,8,1.0,2007,8,15.0,6,0,5000,0,5000
2007-0614-MOZ,No,Natural,Hydrological,Flood,MOZ,Mozambique,Sub-Saharan Africa,Africa,"Mutarara, Nhamayabue, Inhangoma areas (Mutarara district, Tete province), Nova Mabone area (Govuro district, Inhambane province), Mossurize, Sussundenga, Tambara (Manica province), Mopeia, Chinde, Morrumbala, Maganja da Costa, Namacurra, Nicoadala districts (Zambezia province), Nampula, Cabo Delgado, Sofala provinces",Heavy rains,,Yes,No,No,"Buzi, Pungue, Save, Zambèze",2007,12,11.0,2008,1,3.0,20,0,113535,0,113535
2007-0614-MWI,No,Natural,Hydrological,Flood,MWI,Malawi,Sub-Saharan Africa,Africa,"Ntcheu district (Central Region province), Machinga, Chiradzulu districts (Southern Region province)",Heavy rains,,No,No,No,Shire,2007,11,11.0,2008,1,2.0,0,0,2000,0,2000
2008-0066-TZA,No,Natural,Hydrological,Flood,TZA,United Republic of Tanzania,Sub-Saharan Africa,Africa,"Rukwa, Kigoma, Ruvuma, Pwani, Manyara provinces",Heavy rains,,No,No,No,,2008,1,10.0,2008,3,31.0,72,15,7500,442,7957
2008-0129-KEN,No,Natural,Hydrological,Flood,KEN,Kenya,Sub-Saharan Africa,Africa,"Chalbi area (Marsabit district, Eastern province), Rachuonyo district (Nyanza province)",Heavy rain,,No,No,No,,2008,3,20.0,2008,4,2.0,2,0,10000,0,10000
2015-0090-AGO,No,Natural,Hydrological,Flood,AGO,Angola,Sub-Saharan Africa,Africa,Luanda province,Torrential rain,"Slide (land, mud, snow, rock)",No,No,No,,2015,3,9.0,2015,3,23.0,1,0,2000,0,2000
2015-0205-TZA,No,Natural,Hydrological,Flood,TZA,United Republic of Tanzania,Sub-Saharan Africa,Africa,"Dar-es-salaam, Arusha, Kilimanjaro, Tanga, Kagera provinces",Heavy rains,,No,No,No,,2015,5,7.0,2015,5,21.0,12,0,0,5000,5000
2015-0217-GHA,No,Natural,Hydrological,Flood,GHA,Ghana,Sub-Saharan Africa,Africa,"Accra Metropolis, Ledzokuku / Krowor, La Nkwantanang Madina, La Dade Kotopon, Shai Osu Doku, Kpone Katamanso, Ningo Prampram, Ada West, Ada East districts (Greater Accra province)",Torrential rain,,No,No,No,,2015,6,2.0,2015,6,15.0,25,0,0,5000,5000
2015-0287-CMR,No,Natural,Hydrological,Flood,CMR,Cameroon,Sub-Saharan Africa,Africa,"Douala V area (Douala city, Wouril district, Littoral province)",,,No,No,No,,2015,6,22.0,2015,6,29.0,4,0,30000,0,30000
2015-0337-MLI,No,Natural,Hydrological,Flood,MLI,Mali,Sub-Saharan Africa,Africa,Menaka district (Gao province),Heavy rains,,No,No,No,,2015,8,8.0,2015,8,9.0,5,0,2000,0,2000
2015-0436-SLE,No,Natural,Hydrological,Flood,SLE,Sierra Leone,Sub-Saharan Africa,Africa,"Freetown district (Western Area province), Bo, Bonthe, Pujehun districts (Southern province), Port Loko district (Northern province)",Torrential rain,,No,No,No,,2015,9,5.0,2015,9,6.0,10,0,24303,0,24303
2015-0477-SOM,No,Natural,Hydrological,Flood,SOM,Somalia,Sub-Saharan Africa,Africa,"Galgaduud, Mudug, Nugal provinces",El NIno,,No,No,No,"Juba, Shabelle rivers",2015,10,27.0,2015,10,27.0,0,0,900000,0,900000
2015-0480-GIN,No,Natural,Hydrological,Flood,GIN,Guinea,Sub-Saharan Africa,Africa,"Coyah, Macenta districts (Nzerekore province), Siguiri district (Kankan province), Telemele, Forecariah, Beyla districts (Kindia province), Conakry province",Heavy rains,,No,No,No,,2015,7,24.0,2015,8,3.0,9,29,29599,0,29628
2015-0482-DZA,No,Natural,Hydrological,Flood,DZA,Algeria,Northern Africa,Africa,Tindouf province,Heavy rains,,No,No,No,,2015,10,16.0,2015,10,28.0,0,0,35000,0,35000
2015-0535-COD,No,Natural,Hydrological,Flood,COD,Democratic Republic of the Congo,Sub-Saharan Africa,Africa,Bukavu district (Sud-Kivu province),,"Slide (land, mud, snow, rock)",No,No,No,,2015,12,11.0,2015,12,12.0,18,0,0,0,0
2015-0536-COD,No,Natural,Hydrological,Flood,COD,Democratic Republic of the Congo,Sub-Saharan Africa,Africa,"Debonhome, Ndanu, Kingabua, Pécheur, Salongo boroughs (Kinshasa district, Kinshasa province)",Heavy rain,,No,No,No,"Ndiji, Matete rivers",2015,11,19.0,2015,12,17.0,31,0,10560,0,10560
2015-0544-SOM,No,Natural,Hydrological,Flood,SOM,Somalia,Sub-Saharan Africa,Africa,"Bay, Mudug, Shabelle Hoose, Shabelle Dhexe provinces",Seasonal Gu rains,,No,No,No,,2015,3,0.0,2015,4,0.0,0,0,16296,0,16296
2015-0548-ETH,No,Natural,Hydrological,Flood,ETH,Ethiopia,Sub-Saharan Africa,Africa,Shabelle district (Somali province),,,No,No,No,"Wabishabelle, Genale/Dawa, and Omo River",2015,11,0.0,2015,11,0.0,0,0,210600,0,210600
2015-0549-COD,No,Natural,Hydrological,Flood,COD,Democratic Republic of the Congo,Sub-Saharan Africa,Africa,"Tshopo, Haut-Uele districts (Orientale province)",,,No,No,No,,2015,11,7.0,2015,11,23.0,0,0,180000,0,180000
2015-0578-BDI,No,Natural,Hydrological,Flood,BDI,Burundi,Sub-Saharan Africa,Africa,Mutimbuzi district (Bujumbura Rural province),El Nino,,No,No,No,Rusizi river,2015,11,0.0,2016,2,1.0,52,0,4179,0,4179
2016-0028-TZA,No,Natural,Hydrological,Flood,TZA,United Republic of Tanzania,Sub-Saharan Africa,Africa,"Dodoma, Mwanza, Rufiji provinces",Heavy rains,,No,No,No,,2016,1,17.0,2016,1,18.0,3,0,58896,0,58896
2016-0149-RWA,No,Natural,Hydrological,Flood,RWA,Rwanda,Sub-Saharan Africa,Africa,"Gakenke, Muhanga, Rubavu, Ngororero",Heavy rains,"Slide (land, mud, snow, rock)",No,No,No,,2016,1,0.0,2016,4,0.0,67,0,0,0,0
2016-0161-KEN,No,Natural,Hydrological,Flood,KEN,Kenya,Sub-Saharan Africa,Africa,"Nairobi district (Nairobi province); Turkana, Wajir, Marsabit",,Collapse,No,No,No,"Kolotum, Mutoine, Garissa, Tana rivers",2016,4,29.0,2016,5,2.0,39,0,10000,0,10000
2016-0212-GHA,No,Natural,Hydrological,Flood,GHA,Ghana,Sub-Saharan Africa,Africa,"Kwame Nkrumah Circle, Airport Residential area, Dzorwulu, Tse Addo (Accra Metropolis district, Greater Accra province), Tema Metropolis district (Greater Accra province)",Torrential rain,,No,No,No,Odaw,2016,6,10.0,2016,6,14.0,10,0,0,0,0
2016-0219-NER,No,Natural,Hydrological,Flood,NER,Niger,Sub-Saharan Africa,Africa,"Bazagor city (Tchin Tabaradene district, Tahoua province), Ingal city (Tchighozerine district, Agadez province), Maradi, Zinder, Dosso, Tillaberi, Diffa, Niamey province",Torrential rains,,No,No,No,,2016,6,20.0,2016,10,0.0,50,27,123239,0,123266
2016-0244-TZA,No,Natural,Hydrological,Flood,TZA,United Republic of Tanzania,Sub-Saharan Africa,Africa,"Kilosa, Kilombero, Malinyi (Morogoro province)",Reammnants of cyclone Fantala,,No,No,No,,2016,4,22.0,2016,4,24.0,13,0,14000,13933,27933
2016-0247-AGO,No,Natural,Hydrological,Flood,AGO,Angola,Sub-Saharan Africa,Africa,"Cuanza Sul, Lunda Sul provinces",Heavy rains,,No,No,No,,2016,3,1.0,2016,3,10.0,30,0,1544,0,1544
2016-0248-MOZ,No,Natural,Hydrological,Flood,MOZ,Mozambique,Sub-Saharan Africa,Africa,Cabo Delgado province,Heavy rains,,No,No,No,,2016,1,5.0,2016,1,29.0,16,0,6600,0,6600
2016-0301-LBR,No,Natural,Hydrological,Flood,LBR,Liberia,Sub-Saharan Africa,Africa,"Unification Town, Dolo Town, Mambahn Kaba, Borborville, Dennisville, Zoekwelin, Kokoville, Larkpor, Peter Town, World Bank, Kissi (Lower and Upper Margibi)",Torrential rains,,No,No,No,"Du, Benla Creek",2016,6,29.0,2016,7,12.0,0,0,15431,0,15431
2016-0305-ZAF,No,Natural,Hydrological,Flood,ZAF,South Africa,Sub-Saharan Africa,Africa,"Western Cape (Cape Town, Phillipi, Khayelitsha), Kwazulu Natal (Durban, Cato Manor, Amanzimtoti, Inanda, Ntuzuma, KwaMashu, uMlazi, Yellow Wood Park, Chatsworth -eThekwini Metropolitan Municipality, Ugu district)",Heavy rains,,No,No,No,,2016,7,25.0,2016,8,3.0,7,0,6900,0,6900
2016-0327-SSD,No,Natural,Hydrological,Flood,SSD,South Sudan,Sub-Saharan Africa,Africa,"Al Wahdah state (RIak, Kuerbokni, Ruathnybol, Wangkei, Bieh, Mayom cities)",Heavy rains,,No,No,No,,2016,7,1.0,2016,8,31.0,0,0,22000,0,22000
2016-0352-CIV,No,Natural,Hydrological,Flood,CIV,Côte d’Ivoire,Sub-Saharan Africa,Africa,"Danané region (Tonkpi district, Montagnes province)",Heavy rains,,No,No,No,Cavally,2016,9,28.0,2016,9,28.0,20,0,0,0,0
2016-0449-SEN,No,Natural,Hydrological,Flood,SEN,Senegal,Sub-Saharan Africa,Africa,"Mbane, Gaya, Gnith, Bokhol, Ronkh, Richard-Toll municipalities (Dagana district, Saint Louis province), Touba city (Kaolack district, Kaolack province), Kaffrine, Fatick provinces",Heavy rains,,No,No,No,,2016,7,0.0,2016,9,11.0,5,106,10540,0,10646
2016-0529-MOZ,No,Natural,Hydrological,Flood,MOZ,Mozambique,Sub-Saharan Africa,Africa,"South of the country and capital, Maputo, Gaza, Inhambane, Nampula,Tete, Sofala",Heavy rains,"Slide (land, mud, snow, rock)",No,No,No,,2016,10,0.0,2017,1,0.0,47,0,165000,0,165000
2017-0079-BWA,No,Natural,Hydrological,Flood,BWA,Botswana,Sub-Saharan Africa,Africa,"Kavimba, Lesoma, Paragarungu, Kasane, Kachikau (Chobe distrcit); Maun, Komana, Nxaraga (Okavango); Dukwi, Nata, Gweta, Mannoxai, Tsokotshaa (Central); Mabule, Good Hope, Letlhakane (Goodhope); Mohembo, Etsha 6, Etsha 13 (Ngamiland)",,,No,No,No,,2017,2,18.0,2017,2,23.0,0,0,3250,0,3250
2017-0106-NAM,No,Natural,Hydrological,Flood,NAM,Namibia,Sub-Saharan Africa,Africa,"Oshana, Omusati, Ohangwena, Zambezi regions",heavy rains,,No,No,No,,2017,1,0.0,2017,3,0.0,0,0,2502,0,2502
2017-0123-MWI,No,Natural,Hydrological,Flood,MWI,Malawi,Sub-Saharan Africa,Africa,"Kyungu, Kilipula, Mwakoboko (Karonga district)",,,No,No,No,,2017,4,19.0,2017,5,3.0,0,0,55921,0,55921
2017-0217-ZAF,No,Natural,Hydrological,Flood,ZAF,South Africa,Sub-Saharan Africa,Africa,"KwaZulu-Natal, Nquthu (Umzinyathi District), Zinkwazi (Ilembe District), Mzingwenya (Uthungulu District), uMzumbe municipality, uMdoni, uMuziwabantu (Ugu)",,,No,No,No,,2017,5,14.0,2017,5,19.0,3,0,200,0,200
2017-0272-NGA,No,Natural,Hydrological,Flood,NGA,Nigeria,Sub-Saharan Africa,Africa,"Ekiti, Osun, Akwa Ibom, Kebbi, Niger (Suleja, Tafa), Kwara, Ebonyi, Enugu, Abia, Oyo (Ibadan), Lagos (Victoria Island, Lekki, Oniru), Plateau, Sokoto, Edo, Bayelsa",,,No,No,No,,2017,7,8.0,2017,7,9.0,20,0,0,500,500
2017-0304-GIN,No,Natural,Hydrological,Flood,GIN,Guinea,Sub-Saharan Africa,Africa,"Quartier commercial, Kwitiapolou, Wessoua, Dorota 1, Horaya, Gbanghana, Belle-Vue, Nyeh (Nzerekore prefecture)",Heavy rain,,No,No,No,,2017,7,4.0,2017,7,4.0,0,13,3274,0,3287
2017-0306-GHA,No,Natural,Hydrological,Flood,GHA,Ghana,Sub-Saharan Africa,Africa,"Greater Accra (Weija, Tetegu - Ga South municipality), Central Region (New Tufoe, Old Praso, Kookoase, Twansukoda, Arab Area, Bankyease - Twifo Praso), Western region (Samreboi, Wassa Dunkwa, Aboi Nkwanta Samreboi communities -Wassa Amenfi West District), Eastern region (Ahiatroga community- Birim central)",,,No,No,Yes,"Densu River, Tano",2017,4,1.0,2017,7,21.0,0,0,1000000,0,1000000
2017-0368-BFA,No,Natural,Hydrological,Flood,BFA,Burkina Faso,Sub-Saharan Africa,Africa,Oudalan province (Tin-Akoff commune),Heavy rain,,No,No,No,,2017,7,0.0,2017,7,0.0,2,0,882,0,882
2017-0370-NER,No,Natural,Hydrological,Flood,NER,Niger,Sub-Saharan Africa,Africa,"Agadez, Diffa, Dosso, Maradi, Niamey, Tahoua, Tillabery,Zinder",Torrential rains,,Yes,No,No,,2017,8,26.0,2017,9,15.0,56,0,206513,0,206513
2017-0378-NGA,No,Natural,Hydrological,Flood,NGA,Nigeria,Sub-Saharan Africa,Africa,"Benue (Makurdi), Kogi (Lokoja, Sarkin Noma suburbs, Ibaji, Igalamela-Odolu, Ajaokuta, Bassa, Koton-Karfe ) states",Heavy rains,,No,No,No,"Benue, Niger",2017,8,15.0,2017,9,19.0,0,0,10000,0,10000
2017-0384-CAF,No,Natural,Hydrological,Flood,CAF,Central African Republic,Sub-Saharan Africa,Africa,Kouango city,,,No,No,No,,2017,8,23.0,2017,8,31.0,0,0,3500,0,3500
2017-0391-COD,No,Natural,Hydrological,Flood,COD,Democratic Republic of the Congo,Sub-Saharan Africa,Africa,"Bihambwe, Matanda",Heavy rains,,No,No,No,,2017,9,19.0,2017,9,20.0,105,0,0,500,500
2017-0481-TGO,No,Natural,Hydrological,Flood,TGO,Togo,Sub-Saharan Africa,Africa,"Nangbeto (Ogou) Agbanakin, Atchamé, Togbavi, Togbagan, Azimé-Dossou, Adamé, Gbandi, Gbandidi, Agbetiko, Handivi villages",Torrential rains,Broken Dam/Burst bank,No,No,No,Mono river,2017,8,0.0,2017,9,0.0,0,0,16060,0,16060
2017-0581-GMB,No,Natural,Hydrological,Flood,GMB,Gambia,Sub-Saharan Africa,Africa,Kuntaur Local Government,Heavy rains,,Yes,No,No,,2017,8,0.0,2017,8,0.0,6,0,20000,0,20000
2018-0005-COD,No,Natural,Hydrological,Flood,COD,Democratic Republic of the Congo,Sub-Saharan Africa,Africa,"Galiema, Bandalungwa, Selembao, Masina, Limete, Kalamu, Bumbu, Kimbaseke Ndjili communes (Kinshasa)",Thunderstorm,"Broken Dam/Burst bank|Slide (land, mud, snow, rock)",No,No,No,,2018,1,3.0,2018,1,7.0,51,17,0,15743,15760
2018-0048-MOZ,No,Natural,Hydrological,Flood,MOZ,Mozambique,Sub-Saharan Africa,Africa,"Nampula, Niassa, Cabo Delgado, Mozambique Isl.",Heavy rains,,No,No,No,,2018,1,16.0,2018,1,22.0,11,0,0,77150,77150
2018-0064-MWI,No,Natural,Hydrological,Flood,MWI,Malawi,Sub-Saharan Africa,Africa,"Karonga, Kyungu, Salima, Lilongwe district, Phalombe",Heavy rains,,No,No,No,North Rukuru River,2018,2,1.0,2018,2,14.0,1,0,300,0,300
2018-0103-BWA,No,Natural,Hydrological,Flood,BWA,Botswana,Sub-Saharan Africa,Africa,"Gweta, Zoroga, Tsookotshaa vilalges (Central district, Mashonaland Central province)",Heavy rain,,No,No,No,,2018,2,23.0,2018,3,22.0,0,0,4225,0,4225
2018-0116-KEN,No,Natural,Hydrological,Flood,KEN,Kenya,Sub-Saharan Africa,Africa,Nairobi,Heavy rains,,No,No,No,"Ngong, Athi rivers",2018,3,14.0,2018,3,20.0,15,0,0,0,0
2018-0125-TZA,No,Natural,Hydrological,Flood,TZA,United Republic of Tanzania,Sub-Saharan Africa,Africa,"Dar es Salaam (Kinondoni, Ilala, Temeke and Kigamboni Municipals); Arusha (Arusha District Council, Meru, Longido, Monduli districts); Zanzibar; Kilimanjaro (Same, Hai, Mwanga districts); Tanga (Handeni, Lushoto districts); Manyara (Simanjiro, Kiteto, Babati districts); Tabora (Nzega and Kaliua districts); Pwani (Mafia and Rufiji districts); Mwanza, Morogoro, Dodoma, Mbeya, Rukwa, Mtwara, Shinyanga, Geita",Torrential rains,,No,No,No,,2018,4,14.0,2018,4,18.0,15,11,15862,0,15873
2018-0132-KEN,No,Natural,Hydrological,Flood,KEN,Kenya,Sub-Saharan Africa,Africa,"Tana river, Garissa, Kisumu, Mandera, Samburu, Tarkana, Isiolo, WAjir",Heavy rains,,No,No,No,,2018,3,14.0,2018,5,31.0,72,33,211155,0,211188
2018-0135-RWA,No,Natural,Hydrological,Flood,RWA,Rwanda,Sub-Saharan Africa,Africa,"Gasabo district (Kigali); Rulindo district (Northern province), Gatsibo (Eastern province);",Heavy rains,"Slide (land, mud, snow, rock)",No,No,No,,2018,4,23.0,2018,4,24.0,24,0,360,0,360
2018-0148-KEN,No,Natural,Hydrological,Flood,KEN,Kenya,Sub-Saharan Africa,Africa,"Near Nakuru, Rongai region",,Broken Dam/Burst bank,No,No,No,,2018,5,9.0,2018,5,10.0,47,0,0,0,0
2018-0163-BDI,No,Natural,Hydrological,Flood,BDI,Burundi,Sub-Saharan Africa,Africa,"Bujumbura Mairie, Bujumbura Rural, Makamba provinces.",Torrential Rain,,Yes,No,No,,2018,4,28.0,2018,5,1.0,0,0,23000,0,23000
2018-0164-MWI,No,Natural,Hydrological,Flood,MWI,Malawi,Sub-Saharan Africa,Africa,"Bundi, Chankholombe (Karonga District); Salima and Nkhotakota districts",Heavy Rain,,No,No,No,"Rukuru, Rufilya, Kibwe, Changwima, Kyungu, Iponga and Songwe Rivers",2018,4,11.0,2018,4,17.0,4,0,9113,0,9113
2018-0185-CIV,No,Natural,Hydrological,Flood,CIV,Côte d’Ivoire,Sub-Saharan Africa,Africa,"Abobo, Adjamé, Attécoubé, Cocody, Kumasi, Yopougon districts (Abidjan); Tiassalé, Toulepleu, San Pedro",Torrential rains,,No,No,No,,2018,6,18.0,2018,6,19.0,20,0,25000,0,25000
2018-0221-SDN,No,Natural,Hydrological,Flood,SDN,Sudan,Northern Africa,Africa,Zalingei (Westenr Darfur); El Tadamon (Blue Nile State),Torrential rain,,No,No,No,,2018,6,18.0,2018,6,27.0,0,0,350,2400,2750
2018-0232-NER,No,Natural,Hydrological,Flood,NER,Niger,Sub-Saharan Africa,Africa,"Maradi, Agadez, Diffa , Zinder",,,No,No,No,,2018,6,0.0,2018,8,31.0,36,0,130468,0,130468
2018-0238-NGA,No,Natural,Hydrological,Flood,NGA,Nigeria,Sub-Saharan Africa,Africa,"Jibia district; Yobe, Edo, Ogun, Katsina, Ondo, Baucho, Niger, Abuja states",Torrential rains,,No,No,No,,2018,7,13.0,2018,7,16.0,101,171,15701,0,15872
2018-0292-SDN,No,Natural,Hydrological,Flood,SDN,Sudan,Northern Africa,Africa,"West Kordofan, Kassala, Elgizira, Sennar, Northern states",,,No,No,No,,2018,7,23.0,2018,7,30.0,23,61,45705,8900,54666
2018-0365-NGA,No,Natural,Hydrological,Flood,NGA,Nigeria,Sub-Saharan Africa,Africa,"Kogi, Delta, Anambra, Niger",Heavy rains,,No,No,Yes,,2018,9,20.0,2018,10,2.0,199,1306,1921026,0,1922332
2018-0368-GHA,No,Natural,Hydrological,Flood,GHA,Ghana,Sub-Saharan Africa,Africa,"Bakwu West, Talensi Districts",Heavy rains,Broken Dam/Burst bank,No,No,No,,2018,8,31.0,2018,10,2.0,34,0,100000,0,100000
2018-0441-MLI,No,Natural,Hydrological,Flood,MLI,Mali,Sub-Saharan Africa,Africa,"Kayes city, Goumera village, Kita city (Kayes); Kolokani town, Kénèkoun, Toubakoro, Sandia (Koulikoro), Sikasso town, Biramabougou, Koutiala, Koury, Sona, Zegoua (Sikasso), Timbuktu, Diré, Niafunké (Timbuktu), Gao, Bourem, Ansongo (Gao), Aguelhok, Tessalit, Intachdayte, Essouk (Kidal)",Heavy rains,,No,No,No,,2018,8,7.0,2018,8,19.0,0,0,13150,0,13150
2018-0477-RWA,No,Natural,Hydrological,Flood,RWA,Rwanda,Sub-Saharan Africa,Africa,,,,No,No,No,,2018,4,1.0,2018,4,16.0,10,0,0,0,0
2018-0479-BDI,No,Natural,Hydrological,Flood,BDI,Burundi,Sub-Saharan Africa,Africa,"Gaharawe, Mushasha I, Mushasha II, Muyange I, Muyange II, Kinyinya I, Kinyinya II, Warubondo, Vugizo (Gatumba)",Intense rain,,No,No,No,,2018,5,4.0,2018,5,9.0,0,0,12956,0,12956
2019-0020-MDG,No,Natural,Hydrological,Flood,MDG,Madagascar,Sub-Saharan Africa,Africa,Antananarivo,Heavy rains,"Collapse|Slide (land, mud, snow, rock)",No,No,No,,2019,1,19.0,2019,1,20.0,9,0,0,0,0
2019-0048-MOZ,No,Natural,Hydrological,Flood,MOZ,Mozambique,Sub-Saharan Africa,Africa,Zambezia and Niassa provinces,Heavy seasonal rains,,No,No,No,,2019,1,1.0,2019,1,31.0,18,0,0,0,0
2019-0048-MWI,No,Natural,Hydrological,Flood,MWI,Malawi,Sub-Saharan Africa,Africa,"Makhuwira, Paramount Chief Lundu (Chikwawa)",,,No,No,No,,2019,1,1.0,2019,1,31.0,0,0,15974,0,15974
2019-0048-ZMB,No,Natural,Hydrological,Flood,ZMB,Zambia,Sub-Saharan Africa,Africa,Muchinga Province,Heavy seasonal rains,,No,No,No,,2019,1,1.0,2019,1,31.0,4,0,0,0,0
2019-0049-BDI,No,Natural,Hydrological,Flood,BDI,Burundi,Sub-Saharan Africa,Africa,"Nyakabiga, Musaga, Kanyosha, Buterere,Kinama",Heavy rains,,No,No,No,,2019,1,17.0,2019,1,21.0,10,0,0,0,0
2019-0099-MOZ,No,Natural,Hydrological,Flood,MOZ,Mozambique,Sub-Saharan Africa,Africa,"Tete, Zambeze provinces",Heavy rains,,No,No,No,,2019,3,9.0,2019,3,11.0,10,0,63000,0,63000
2019-0101-MWI,No,Natural,Hydrological,Flood,MWI,Malawi,Sub-Saharan Africa,Africa,"Balaka, Blantyre, Blantyre city, Chickwawa, Dedza, Machinga, Mangochi, Mulanje, Mwanza, Neno, Nsanje, Ntcheu, Phalombe, Thyiolo, Zomba city, Zomba, Chiradzulu","Torrential rains, Tropical Storm 'Idai'",,Yes,No,No,,2019,3,4.0,2019,3,10.0,60,672,975000,0,975672
2019-0106-ZAF,No,Natural,Hydrological,Flood,ZAF,South Africa,Sub-Saharan Africa,Africa,"Ntuzuma,Verusalam, Inanda and KwaMashu towns (north of Durban city, KwaZulu-Natal Province)",Heavy rains,Storm,No,No,No,,2019,3,8.0,2019,3,12.0,10,0,0,0,0
2019-0123-AGO,No,Natural,Hydrological,Flood,AGO,Angola,Sub-Saharan Africa,Africa,"Benguela, Luanda, Huíla, Zaire Provinces",Heavy rains,,No,No,No,,2019,3,16.0,2019,3,22.0,19,0,795,280,1075
2019-0176-ZAF,No,Natural,Hydrological,Flood,ZAF,South Africa,Sub-Saharan Africa,Africa,"KwaZulu-Natal, Eastern Cape, Free state provinces",Heavy rains,"Slide (land, mud, snow, rock)",No,No,No,,2019,4,21.0,2019,4,25.0,73,0,1000,0,1000
2019-0182-ZAF,No,Natural,Hydrological,Flood,ZAF,South Africa,Sub-Saharan Africa,Africa,Eastern Cape Province,Heavy rains,,No,No,No,,2019,5,2.0,2019,5,2.0,13,0,0,0,0
2019-0200-MLI,No,Natural,Hydrological,Flood,MLI,Mali,Sub-Saharan Africa,Africa,Bamako,Heavy rains,,No,No,No,,2019,5,16.0,2019,5,16.0,15,2,505,0,507
2019-0203-TZA,No,Natural,Hydrological,Flood,TZA,United Republic of Tanzania,Sub-Saharan Africa,Africa,"Kyela district (Mbeya region), Kinondoni, ilala, Temeke muncipalities (Dar Es Salaam)",,,No,No,No,,2019,5,13.0,2019,5,17.0,5,0,5000,0,5000
2019-0224-LBY,No,Natural,Hydrological,Flood,LBY,Libya,Northern Africa,Africa,Ghat municipality,,,No,No,No,,2019,5,28.0,2019,6,5.0,4,30,20000,0,20030
2019-0280-SDN,No,Natural,Hydrological,Flood,SDN,Sudan,Northern Africa,Africa,North and South Darfur,Heavy rains,,No,No,No,,2019,6,8.0,2019,6,18.0,0,0,6198,0,6198
2019-0389-SLE,No,Natural,Hydrological,Flood,SLE,Sierra Leone,Sub-Saharan Africa,Africa,Freetown,Torrential rains,,No,No,No,,2019,8,0.0,2019,8,0.0,0,0,5381,0,5381
2019-0415-NER,No,Natural,Hydrological,Flood,NER,Niger,Sub-Saharan Africa,Africa,"Zinder, Maradi regions (south), Niamey Capital City , Dosso, Agadez",Heavy rains,,No,No,No,,2019,9,1.0,2019,9,15.0,52,0,200000,0,200000
2019-0415-NGA,No,Natural,Hydrological,Flood,NGA,Nigeria,Sub-Saharan Africa,Africa,"Cross River, Kogi, Niger,Taraba States",,,No,No,No,"Niger, Benue rivers",2019,9,21.0,2019,9,27.0,12,0,18640,0,18640
2019-0415-TCD,No,Natural,Hydrological,Flood,TCD,Chad,Sub-Saharan Africa,Africa,Sila Region (eastern Chad),,,No,No,No,,2019,9,0.0,2019,9,0.0,0,0,423,0,423
2019-0420-MLI,No,Natural,Hydrological,Flood,MLI,Mali,Sub-Saharan Africa,Africa,"Kidal, Koulikoro, Timbuktu, Ménaka, Mopti",Heavy rains,,No,No,No,,2019,8,24.0,2019,9,12.0,0,0,6474,0,6474
2019-0426-MAR,No,Natural,Hydrological,Flood,MAR,Morocco,Northern Africa,Africa,El Khank (Errachidia Province),Heavy rains,Transport accident,No,No,No,,2019,9,8.0,2019,9,9.0,17,29,0,0,29
2019-0433-MRT,No,Natural,Hydrological,Flood,MRT,Mauritania,Sub-Saharan Africa,Africa,"Sélibaby, Ould Yenja districts (Guidimaka Region)",Heavy rains,,No,No,No,,2019,8,26.0,2019,8,27.0,3,0,33600,0,33600
2019-0435-NGA,No,Natural,Hydrological,Flood,NGA,Nigeria,Sub-Saharan Africa,Africa,"Borno, Jigawa, Kano, Yobe states",Heavy rains,,No,No,No,,2019,8,20.0,2019,8,25.0,12,0,52500,0,52500
2019-0486-SSD,No,Natural,Hydrological,Flood,SSD,South Sudan,Sub-Saharan Africa,Africa,Maban County (Upper Nile state),Heavy rains,,No,No,No,,2019,10,1.0,2019,10,18.0,0,0,700000,0,700000
2019-0488-GHA,No,Natural,Hydrological,Flood,GHA,Ghana,Sub-Saharan Africa,Africa,"Bolgatanga, Navrongo, Bawku, Bolgatanga Esat, Kassena Nankana West, Bulils North, Pusiga, Binduri, Garu, Tempane, Bongo, Talensi districts (Upper East Region)",Heavy rains,,No,No,No,,2019,10,6.0,2019,10,9.0,19,19,26083,0,26102
2019-0496-TZA,No,Natural,Hydrological,Flood,TZA,United Republic of Tanzania,Sub-Saharan Africa,Africa,Morogoro Region,Heavy rains,,No,No,No,,2019,10,2.0,2019,10,16.0,18,0,0,0,0
2019-0504-NER,No,Natural,Hydrological,Flood,NER,Niger,Sub-Saharan Africa,Africa,Diffa Region,,,No,No,No,Komadougou River,2019,10,24.0,2019,10,24.0,0,0,23000,0,23000
2019-0514-CIV,No,Natural,Hydrological,Flood,CIV,Côte d’Ivoire,Sub-Saharan Africa,Africa,"Aboisso, Alépé, Grand Bassam, Ayamé, Man, Bonoua, Agboville, Ono and Adiaké (Abidjan)",,Storm,No,No,No,,2019,10,11.0,2019,10,13.0,12,32,14002,612,14646
2019-0515-TZA,No,Natural,Hydrological,Flood,TZA,United Republic of Tanzania,Sub-Saharan Africa,Africa,Handeni district (Tanga Region),,,No,No,No,,2019,10,15.0,2019,10,28.0,14,0,0,0,0
2019-0524-CAF,No,Natural,Hydrological,Flood,CAF,Central African Republic,Sub-Saharan Africa,Africa,Bangui,Heavy and non-stop rains,,No,Yes,Yes,Oubangui,2019,9,0.0,2019,11,13.0,0,0,44918,0,44918
2019-0526-SEN,No,Natural,Hydrological,Flood,SEN,Senegal,Sub-Saharan Africa,Africa,"Rufisque, Guédiawaye departments (Dakar Region), Kaolack department",,,No,No,No,,2019,9,10.0,2019,9,20.0,6,49,8919,0,8968
2019-0540-UGA,No,Natural,Hydrological,Flood,UGA,Uganda,Sub-Saharan Africa,Africa,"Mukono, Bulambuli, Butaleja, Kasese, Iganga, Busia districts",,,No,No,No,,2019,10,15.0,2019,11,6.0,3,0,4750,0,4750
2019-0607-ZAF,No,Natural,Hydrological,Flood,ZAF,South Africa,Sub-Saharan Africa,Africa,Pretoria and Gauteng Province,Heavy rains,,No,No,No,,2019,12,2.0,2019,12,11.0,2,0,3500,0,3500
2019-0625-UGA,No,Natural,Hydrological,Flood,UGA,Uganda,Sub-Saharan Africa,Africa,"Rwenzori sub-region (western Uganda), Mount-Elgon sub-region (eastern Uganda)",,"Slide (land, mud, snow, rock)",No,No,No,,2019,12,18.0,2019,12,18.0,65,0,65250,0,65250
2019-0633-MOZ,No,Natural,Hydrological,Flood,MOZ,Mozambique,Sub-Saharan Africa,Africa,"Cabo Delgado, Nampula, Zambezia, Tete, Sofala provinces",,Storm,No,No,No,,2019,12,27.0,2020,1,23.0,28,66,58000,0,58066
2019-0643-RWA,No,Natural,Hydrological,Flood,RWA,Rwanda,Sub-Saharan Africa,Africa,"Ngororero, Nyabihu, Nyamasheke, Rusizi (Western province); Musanze, Rulindo (Northern Province); Gisagara (Southern province)",Heavy rains,,No,No,No,,2019,11,0.0,2019,12,0.0,16,33,5360,0,5393
2019-0645-BDI,No,Natural,Hydrological,Flood,BDI,Burundi,Sub-Saharan Africa,Africa,"Uwinterekwa, Buterere (Bujumba Mairie)",,"Slide (land, mud, snow, rock)",No,No,No,,2019,12,21.0,2019,12,28.0,14,33,3740,0,3773
2019-0654-RWA,No,Natural,Hydrological,Flood,RWA,Rwanda,Sub-Saharan Africa,Africa,Kigali,Heavy rains,,No,No,No,,2019,12,25.0,2019,12,25.0,12,0,0,565,565
2019-0664-COG,No,Natural,Hydrological,Flood,COG,Congo,Sub-Saharan Africa,Africa,"Brazzaville, Pointe-Noire",Heavy rains,,No,No,Yes,"Congo, Oubangui rivers",2019,12,0.0,2020,3,0.0,0,0,213000,0,213000
2020-0016-MDG,No,Natural,Hydrological,Flood,MDG,Madagascar,Sub-Saharan Africa,Africa,"Andapa Municipality; Amparafaravola, Ambatondrazaka (Alaotra Mangoro); Tana V, Tana IV, Tana II, Tana I, Tana III (Analamanga); Maevatanana, Tsaratanana (Betsiboka); Mitsinjo, Ambato Boeny, Marovoay,Majunga I, Majunga II (Boeny); Ambanja, Ambilobe (Diana); Besalampy (Melaky); Port Berger, Mampikomy (Sofia)",Heavy rains caused by tropical storm,"Slide (land, mud, snow, rock)",No,No,Yes,,2020,1,1.0,2020,1,24.0,40,0,106846,0,106846
2020-0031-ZMB,No,Natural,Hydrological,Flood,ZMB,Zambia,Sub-Saharan Africa,Africa,"Gwembe, Siavonga, Mambwe and Lumezi districts",Heavy rains,,No,No,No,,2020,1,0.0,2020,1,0.0,0,0,1500,0,1500
2020-0041-RWA,No,Natural,Hydrological,Flood,RWA,Rwanda,Sub-Saharan Africa,Africa,"Kigali Province, southern provinces",Heavy rains,"Slide (land, mud, snow, rock)",No,No,No,,2020,2,2.0,2020,2,4.0,19,8,0,490,498
2020-0055-BDI,No,Natural,Hydrological,Flood,BDI,Burundi,Sub-Saharan Africa,Africa,"Bujumbura Rural, Bujumbura Mairie, Bubanza Provinces",,,No,No,No,Rusizi River,2020,1,28.0,2020,2,13.0,3,19,9743,0,9762
2020-0062-MOZ,No,Natural,Hydrological,Flood,MOZ,Mozambique,Sub-Saharan Africa,Africa,"Grudja, Estaquinha, Bandua, Guara-Guara, Vila de Buzi, Muchanesse, Munimucua (Buzi distrcit, Sofala province); Sussundenga District (Manica)",Heavy rains,,No,No,No,,2020,2,11.0,2020,2,17.0,2,0,8700,0,8700
2020-0085-NAM,No,Natural,Hydrological,Flood,NAM,Namibia,Sub-Saharan Africa,Africa,"Oshana, Oshikoto, Omusati, Ohangwena",Heavy rains,,No,No,No,,2020,3,6.0,2020,3,6.0,0,0,1000,0,1000
2020-0098-RWA,No,Natural,Hydrological,Flood,RWA,Rwanda,Sub-Saharan Africa,Africa,"Gisagara District; Gasabo (Kigali), Ngoma, Nyagatare",Torrential rains,Lightening,No,No,No,,2020,3,2.0,2020,3,10.0,3,22,5220,0,5242
2020-0104-AGO,No,Natural,Hydrological,Flood,AGO,Angola,Sub-Saharan Africa,Africa,"Cuanza Sul, Malanje, Lunda Sul, and Cunene Provinces",Heavy rains,,No,No,No,,2020,3,16.0,2020,3,17.0,3,0,10000,0,10000
2020-0110-ZMB,No,Natural,Hydrological,Flood,ZMB,Zambia,Sub-Saharan Africa,Africa,"Samfya, Mushindamo, Nakonde districts (Luapula province)",Heavy rains,,No,No,No,,2020,3,20.0,2020,3,26.0,0,0,700000,0,700000
2020-0123-COD,No,Natural,Hydrological,Flood,COD,Democratic Republic of the Congo,Sub-Saharan Africa,Africa,"Territories of Kailo, Punia Kasongo (Maniema Province)",Heavy rains,,No,No,No,Congo river,2020,3,17.0,2020,4,1.0,0,0,30000,0,30000
2020-0125-COG,No,Natural,Hydrological,Flood,COG,Congo,Sub-Saharan Africa,Africa,Brazzaville,Heavy rains,Lightening,No,No,No,,2020,3,30.0,2020,4,2.0,20,0,0,0,0
2020-0128-COD,No,Natural,Hydrological,Flood,COD,Democratic Republic of the Congo,Sub-Saharan Africa,Africa,Bukama Territory (south Haut-Lomami Province).,Torrential rains,,No,No,No,,2020,3,14.0,2020,3,18.0,0,0,73000,0,73000
2020-0150-DJI,No,Natural,Hydrological,Flood,DJI,Djibouti,Sub-Saharan Africa,Africa,Djibouti city and the south suburb of Balbala,Torrential rains,,No,No,No,,2020,4,20.0,2020,4,26.0,8,0,110000,0,110000
2020-0152-COD,No,Natural,Hydrological,Flood,COD,Democratic Republic of the Congo,Sub-Saharan Africa,Africa,Djugu territory (Ituri province),Heavy rains,,No,No,No,,2020,5,5.0,2020,5,5.0,0,0,500,0,500
2020-0156-RWA,No,Natural,Hydrological,Flood,RWA,Rwanda,Sub-Saharan Africa,Africa,Northern area,Heavy rains,,No,No,No,,2020,5,1.0,2020,5,4.0,8,5,500,0,505
2020-0159-ETH,No,Natural,Hydrological,Flood,ETH,Ethiopia,Sub-Saharan Africa,Africa,"Dire Dawa City, SNNPR",,,No,No,No,"Juba river, Shabelle river basins",2020,4,20.0,2020,5,8.0,12,0,219000,0,219000
2020-0159-SOM,No,Natural,Hydrological,Flood,SOM,Somalia,Sub-Saharan Africa,Africa,"Somalia States and territories (South West, Jubaland, Banadir, Puntland, and Somaliland); Belet Weyne, Jowhar (Hirshabelle State); Qardho",Heavy rains,,No,No,No,"Juba river, Shabelle river basins",2020,4,20.0,2020,4,28.0,26,20,1000000,0,1000020
2020-0164-KEN,No,Natural,Hydrological,Flood,KEN,Kenya,Sub-Saharan Africa,Africa,"West Pokot, Elgeyo Marakwet, Kisumu, Homabay, Tana River, Garissa, Kilifi, Kirinyaga, Siaya, Kakamega, Bomet, Nairobi counties",Heavy rains,"Slide (land, mud, snow, rock)",No,No,No,,2020,4,18.0,2020,6,1.0,285,0,810655,0,810655
2020-0164-UGA,No,Natural,Hydrological,Flood,UGA,Uganda,Sub-Saharan Africa,Africa,Lake Victoria and the Lake Kyoga regions,Heavy rains,,No,No,No,,2020,4,17.0,2020,5,5.0,5,0,200,0,200
2020-0166-TZA,No,Natural,Hydrological,Flood,TZA,United Republic of Tanzania,Sub-Saharan Africa,Africa,"Kilimanjaro, Kagera, Katavi, Mara and Rukwa (Arusha and Kilimanjaro Regions, and the Unguja Island (Zanzibar Archipelago)",Heavy rains,"Slide (land, mud, snow, rock)",No,No,No,,2020,4,22.0,2020,4,26.0,2,0,19323,0,19323
2020-0169-BFA,No,Natural,Hydrological,Flood,BFA,Burkina Faso,Sub-Saharan Africa,Africa,"Kongoussi Commune (Bam Province, Centre-Nord region)",Heavy rains,,No,No,No,,2020,4,19.0,2020,4,26.0,0,0,21000,0,21000
2020-0171-RWA,No,Natural,Hydrological,Flood,RWA,Rwanda,Sub-Saharan Africa,Africa,"Gatsibo district (East Province), Gicumbi district (North Province), Rulindo districts",,"Slide (land, mud, snow, rock)",No,No,No,,2020,4,17.0,2020,4,25.0,9,0,0,0,0
2020-0172-BDI,No,Natural,Hydrological,Flood,BDI,Burundi,Sub-Saharan Africa,Africa,"Bujumbura City (Bujumbura Mairie Province, central-west Burundi), Cibitoke and Bubanza Provinces",Heavy rains,,No,No,No,Rusizi River,2020,4,13.0,2020,4,19.0,0,0,27000,0,27000
2020-0175-COD,No,Natural,Hydrological,Flood,COD,Democratic Republic of the Congo,Sub-Saharan Africa,Africa,"Bukavu, Uvira (South Kivu)",,,No,No,No,Mulongwe river,2020,4,16.0,2020,5,18.0,52,80,92500,0,92580
2020-0194-TZA,No,Natural,Hydrological,Flood,TZA,United Republic of Tanzania,Sub-Saharan Africa,Africa,Rufiji District (Pwani Region),Heavy rains,,No,No,No,Rufiji River,2020,3,10.0,2020,3,17.0,0,0,0,17500,17500
2020-0228-GHA,No,Natural,Hydrological,Flood,GHA,Ghana,Sub-Saharan Africa,Africa,Greater Accra Region,Heavy rains,,No,No,No,,2020,6,8.0,2020,6,10.0,3,0,200,0,200
2020-0248-BFA,No,Natural,Hydrological,Flood,BFA,Burkina Faso,Sub-Saharan Africa,Africa,"Kongoussi (Bam) , Pensa (Bam) , Barsalogho Municipalities (Sanmatenga)",Heavy rains,,No,No,No,,2020,6,5.0,2020,6,11.0,0,24,14500,3500,18024
2020-0257-NGA,No,Natural,Hydrological,Flood,NGA,Nigeria,Sub-Saharan Africa,Africa,Akwa Ibom (southern part of the country) and Kwara (west-central Nigeria),Heavy rains,Collapse,No,No,No,,2020,6,14.0,2020,6,16.0,4,0,300,0,300
2020-0259-CIV,No,Natural,Hydrological,Flood,CIV,Côte d’Ivoire,Sub-Saharan Africa,Africa,"Abobo, Adjamé, Anyama, Cocody, Port-Bouet ,Yopougon (Abidjan area); San-Pedro,Alépé (Me Region), Divo(Lôh-Djiboua), Azaguié (Agneby-Tiassa), Niakaramadougou (Vallée du Bandama),Tabou (Bas-Sassandra)",Torrential rains,"Slide (land, mud, snow, rock)",No,No,No,,2020,6,15.0,2020,6,17.0,24,32,16525,2100,18657
2020-0302-TCD,No,Natural,Hydrological,Flood,TCD,Chad,Sub-Saharan Africa,Africa,Grande Sido departement (Moyen-Chari Province),Heavy rains,,No,No,No,,2020,4,20.0,2020,4,21.0,0,0,2062,0,2062
2020-0305-SDN,No,Natural,Hydrological,Flood,SDN,Sudan,Northern Africa,Africa,"Khartoum, Blue Nile, River Nile, ElGezira, West Kordofan; South Darfur, North Darfur,West Darfur, Gedaref, Sennar, Sennar states",Heavy rains,Storm,No,No,Yes,,2020,6,0.0,2020,9,9.0,155,13,875000,0,875013
2020-0321-NGA,No,Natural,Hydrological,Flood,NGA,Nigeria,Sub-Saharan Africa,Africa,"Suleja City, Gwagwalada area, Abuja",,,No,No,No,,2020,6,24.0,2020,7,31.0,30,0,0,0,0
2020-0336-NER,No,Natural,Hydrological,Flood,NER,Niger,Sub-Saharan Africa,Africa,"Maradi, Tahoua, Tillabéri, Dosso",Heavy rains,,No,No,No,,2020,7,1.0,2020,9,10.0,73,0,0,632608,632608
2020-0362-SSD,No,Natural,Hydrological,Flood,SSD,South Sudan,Sub-Saharan Africa,Africa,"Bor South, Twic East, Duk, Ayod Countie (Jonglei); Renk county (Eastern Nile); Pochallla county (Pibor); Lakes (El Buhyerat), Unity, Upper Nile, Warrap, Western Equatoria, Central Equatoria, Northern Bahr-el-Ghazal",Heavy rains,,No,No,No,"White Nile, Akobo River",2020,7,0.0,2020,12,0.0,0,0,1042000,0,1042000
2020-0382-TCD,No,Natural,Hydrological,Flood,TCD,Chad,Sub-Saharan Africa,Africa,"Ndjamena, Lac, Mandoul, Tandjile, Mayo-Kebi East, Batha, Salama, Sila",Heavy rains,,No,No,No,,2020,8,1.0,2020,10,12.0,3,0,34872,0,34872
2020-0385-UGA,No,Natural,Hydrological,Flood,UGA,Uganda,Sub-Saharan Africa,Africa,Kasitu Sub County (Bundibugyo District),Heavy rains,,No,No,No,,2020,8,19.0,2020,8,19.0,1,0,4000,0,4000
2020-0387-NER,No,Natural,Hydrological,Flood,NER,Niger,Sub-Saharan Africa,Africa,Niamey,,,No,No,No,,2020,8,0.0,2020,9,10.0,10,12,50000,0,50012
2020-0397-SEN,No,Natural,Hydrological,Flood,SEN,Senegal,Sub-Saharan Africa,Africa,"Dakar, Thiès, Diourbel, Kaolack, Fatick, Kaffrine, Saint-Louis, Matam, Kolda, Sédhiou, Tambacounda",Heavy rains,,No,No,No,,2020,9,5.0,2020,9,6.0,11,0,17000,0,17000
2020-0399-BFA,No,Natural,Hydrological,Flood,BFA,Burkina Faso,Sub-Saharan Africa,Africa,"Soum (Sahel); Sanguie (West Central); Sanmatenga, Namentenga, Bam (North Central); Gourma (East); Kadiogo (Centrall)",Heavy rains,,No,No,Yes,,2020,8,25.0,2020,9,10.0,13,87,71341,20000,91428
2020-0399-GHA,No,Natural,Hydrological,Flood,GHA,Ghana,Sub-Saharan Africa,Africa,Bagre Dam in West Mamprusi Municipality,Heavy rains,,No,No,No,,2020,9,5.0,2020,9,6.0,4,0,0,0,0
2020-0426-TGO,No,Natural,Hydrological,Flood,TGO,Togo,Sub-Saharan Africa,Africa,"Mandouri, Koumongou, Savanes and Kara regions",Heavy rains,,No,No,No,Oti River,2020,9,1.0,2020,10,31.0,11,0,57000,0,57000
2020-0436-MRT,No,Natural,Hydrological,Flood,MRT,Mauritania,Sub-Saharan Africa,Africa,"Nouakchott, Assaba, Hodh Ech Chargui",Heavy rains,,No,No,No,,2020,9,1.0,2020,9,15.0,9,0,10000,700,10700
2020-0455-NGA,No,Natural,Hydrological,Flood,NGA,Nigeria,Sub-Saharan Africa,Africa,"Jigawa, Kebbi, Kwara, Sokoto, Zamfara",Heavy rains,,No,No,No,,2020,6,24.0,2020,10,31.0,155,825,192600,0,193425
2020-0480-GIN,No,Natural,Hydrological,Flood,GIN,Guinea,Sub-Saharan Africa,Africa,"Bordo, Far, Senkefera 2, Madina, Salamanida, Energieako 1, Farako 2, Dalako, Briqueterie, Missira, Kokolinikoro, Djodon, Senkefera, Banankoroda, Korialen, Hermakonon, Kankancoura, Dar-es-salam, Aviation, Kabada 1, Kabada 2, Fourouban, Timbo, Gare, Metéo, Sobje, Batè Nafadji, Gbéredou Baranama, Balandou, Karifamoria, Missamana, Tintioulen, Sabadou Baranama, Moribaya, Koumban,Tokounou, Mamouroudou, Boula prefectures (Kankan)",Heavy rains,,No,No,No,,2020,9,6.0,2020,9,7.0,0,5,49536,0,49541
2020-0481-MRT,No,Natural,Hydrological,Flood,MRT,Mauritania,Sub-Saharan Africa,Africa,"Bassiknou, Adel Begrou, Amourj, Néma departments",Torrential rains,,No,No,No,,2020,9,1.0,2020,9,8.0,0,0,9282,0,9282
2020-0484-MOZ,No,Natural,Hydrological,Flood,MOZ,Mozambique,Sub-Saharan Africa,Africa,"Niassa, Nampula, Zambézia, Manica, Tete",Heavy rains,,No,No,No,,2020,10,1.0,2020,10,31.0,22,0,145000,0,145000
2020-0509-COG,No,Natural,Hydrological,Flood,COG,Congo,Sub-Saharan Africa,Africa,Likouala region,Hevay rains,,No,No,Yes,,2020,11,2.0,2020,11,2.0,0,0,66000,0,66000
2020-0522-UGA,No,Natural,Hydrological,Flood,UGA,Uganda,Sub-Saharan Africa,Africa,Mbarara and Kasese Districts,Heavy rains,"Slide (land, mud, snow, rock)",No,No,No,Kuruhe river,2020,11,21.0,2020,11,24.0,7,0,2300,0,2300
2020-0531-COD,No,Natural,Hydrological,Flood,COD,Democratic Republic of the Congo,Sub-Saharan Africa,Africa,"Mbanza-Ngungu City; Noki, Disengomoka districts (Kongo Central Province)",Heavy rains,"Slide (land, mud, snow, rock)",No,No,No,,2020,12,2.0,2020,12,3.0,18,4,0,0,4
2020-0564-ETH,No,Natural,Hydrological,Flood,ETH,Ethiopia,Sub-Saharan Africa,Africa,"South Gondar zone (Amhara Region); Afar, Gambella, Oromia, Somali, SNNPR",Heavy rains,,No,No,No,"Lake Tana, Gumera & Rib rivers",2020,6,0.0,2020,9,0.0,0,0,1010854,0,1010854
2020-0592-CMR,No,Natural,Hydrological,Flood,CMR,Cameroon,Sub-Saharan Africa,Africa,"Mayo-Danay, Mayo-Kani (Far North Region)",Heavy rains,,No,No,No,,2020,9,11.0,2020,9,12.0,0,0,26402,0,26402
2020-0604-ZMB,No,Natural,Hydrological,Flood,ZMB,Zambia,Sub-Saharan Africa,Africa,"Munengo, Kambobe, Katala, Chiloweni communities of Mapona ward in Mumbwa district of Central province",Heavy rains,Broken Dam/Burst bank,No,No,No,,2020,12,22.0,2020,12,26.0,3,0,4272,0,4272
2020-0606-CPV,No,Natural,Hydrological,Flood,CPV,Cabo Verde,Sub-Saharan Africa,Africa,Praia,Tropical Depression Rene,"Slide (land, mud, snow, rock)",No,No,No,,2020,9,11.0,2020,9,13.0,1,0,25000,0,25000
